filename,width,height,class,xmin,ymin,xmax,ymax
Drone Solar Panel Inspection with FLIR-zfRaq2d0kZframe4800.jpg,720,480,defect,177,183,223,215
Drone Solar Panel Inspection with FLIR-zfRaq2d0kZframe4800.jpg,720,480,defect,421,234,455,255
Drone Solar Panel Inspection with FLIR-zfRaq2d0kZframe4380.jpg,720,480,defect,274,183,324,222
Drone Solar Panel Inspection with FLIR-zfRaq2d0kZframe4380.jpg,720,480,defect,516,239,546,266
Drone Solar Panel Inspection with FLIR-zfRaq2d0kZframe4380.jpg,720,480,defect,222,451,266,480
Drone Solar Panel Inspection with FLIR-zfRaq2d0kZframe9840.jpg,720,480,defect,228,1,241,14
Drone Solar Panel Inspection with FLIR-zfRaq2d0kZframe9840.jpg,720,480,defect,249,51,257,65
Drone Solar Panel Inspection with FLIR-zfRaq2d0kZframe9840.jpg,720,480,defect,267,209,282,234
Drone Solar Panel Inspection with FLIR-zfRaq2d0kZframe9840.jpg,720,480,defect,581,366,595,383
Drone Solar Panel Inspection with FLIR-zfRaq2d0kZframe9840.jpg,720,480,defect,499,443,526,465
Drone Solar Panel Inspection with FLIR-zfRaq2d0kZframe9840.jpg,720,480,defect,579,149,591,161
Drone Solar Panel Inspection with FLIR-zfRaq2d0kZframe6540.jpg,720,480,defect,167,409,256,436
Drone Solar Panel Inspection with FLIR-zfRaq2d0kZframe2040.jpg,720,480,defect,503,390,561,408
Drone Solar Panel Inspection with FLIR-zfRaq2d0kZframe2040.jpg,720,480,defect,618,106,640,118
Drone Solar Panel Inspection with FLIR-zfRaq2d0kZframe6420.jpg,720,480,defect,157,388,261,422
Drone Solar Panel Inspection with FLIR-zfRaq2d0kZframe7500.jpg,720,480,defect,367,234,387,248
Drone Solar Panel Inspection with FLIR-zfRaq2d0kZframe7500.jpg,720,480,defect,40,281,66,296
Drone Solar Panel Inspection with FLIR-zfRaq2d0kZframe7500.jpg,720,480,defect,338,162,351,172
Drone Solar Panel Inspection with FLIR-zfRaq2d0kZframe7500.jpg,720,480,defect,552,269,579,299
Drone Solar Panel Inspection with FLIR-zfRaq2d0kZframe3000.jpg,720,480,defect,437,102,470,140
Drone Solar Panel Inspection with FLIR-zfRaq2d0kZframe4020.jpg,720,480,defect,438,222,499,249
Drone Solar Panel Inspection with FLIR-zfRaq2d0kZframe4020.jpg,720,480,defect,608,130,633,148
Drone Solar Panel Inspection with FLIR-zfRaq2d0kZframe4020.jpg,720,480,defect,454,104,482,120
Drone Solar Panel Inspection with FLIR-zfRaq2d0kZframe5100.jpg,720,480,defect,182,211,234,234
Drone Solar Panel Inspection with FLIR-zfRaq2d0kZframe5100.jpg,720,480,defect,437,264,464,282
Drone Solar Panel Inspection with FLIR-zfRaq2d0kZframe9060.jpg,720,480,defect,161,185,186,201
Drone Solar Panel Inspection with FLIR-zfRaq2d0kZframe9060.jpg,720,480,defect,414,79,429,96
Drone Solar Panel Inspection with FLIR-zfRaq2d0kZframe9060.jpg,720,480,defect,440,147,460,159
Drone Solar Panel Inspection with FLIR-zfRaq2d0kZframe9060.jpg,720,480,defect,599,175,628,204
Drone Solar Panel Inspection with FLIR-zfRaq2d0kZframe9060.jpg,720,480,defect,527,349,556,376
Drone Solar Panel Inspection with FLIR-zfRaq2d0kZframe9060.jpg,720,480,defect,603,422,617,436
Drone Solar Panel Inspection with FLIR-zfRaq2d0kZframe9060.jpg,720,480,defect,624,375,645,388
Drone Solar Panel Inspection with FLIR-zfRaq2d0kZframe1560.jpg,720,480,defect,519,326,566,351
Drone Solar Panel Inspection with FLIR-zfRaq2d0kZframe1560.jpg,720,480,defect,603,100,627,116
Drone Solar Panel Inspection with FLIR-zfRaq2d0kZframe4140.jpg,720,480,defect,295,305,368,346
Drone Solar Panel Inspection with FLIR-zfRaq2d0kZframe4140.jpg,720,480,defect,519,189,542,208
Drone Solar Panel Inspection with FLIR-zfRaq2d0kZframe4140.jpg,720,480,defect,349,154,375,183
Drone Solar Panel Inspection with FLIR-zfRaq2d0kZframe2280.jpg,720,480,defect,316,388,366,411
Drone Solar Panel Inspection with FLIR-zfRaq2d0kZframe2280.jpg,720,480,defect,524,91,549,113
Drone Solar Panel Inspection with FLIR-zfRaq2d0kZframe6780.jpg,720,480,defect,211,463,234,471
Drone Solar Panel Inspection with FLIR-zfRaq2d0kZframe9300.jpg,720,480,defect,405,174,416,191
Drone Solar Panel Inspection with FLIR-zfRaq2d0kZframe9300.jpg,720,480,defect,438,222,453,238
Drone Solar Panel Inspection with FLIR-zfRaq2d0kZframe9300.jpg,720,480,defect,521,368,533,384
Drone Solar Panel Inspection with FLIR-zfRaq2d0kZframe9300.jpg,720,480,defect,603,300,626,320
Drone Solar Panel Inspection with FLIR-zfRaq2d0kZframe8220.jpg,720,480,defect,396,65,410,79
Drone Solar Panel Inspection with FLIR-zfRaq2d0kZframe8220.jpg,720,480,defect,421,126,440,145
Drone Solar Panel Inspection with FLIR-zfRaq2d0kZframe8220.jpg,720,480,defect,578,159,607,187
Drone Solar Panel Inspection with FLIR-zfRaq2d0kZframe8220.jpg,720,480,defect,504,325,526,349
Drone Solar Panel Inspection with FLIR-zfRaq2d0kZframe8220.jpg,720,480,defect,576,394,587,411
Drone Solar Panel Inspection with FLIR-zfRaq2d0kZframe8220.jpg,720,480,defect,595,349,619,367
Drone Solar Panel Inspection with FLIR-zfRaq2d0kZframe8220.jpg,720,480,defect,147,160,166,178
Drone Solar Panel Inspection with FLIR-zfRaq2d0kZframe5880.jpg,720,480,defect,150,169,192,198
Drone Solar Panel Inspection with FLIR-zfRaq2d0kZframe5880.jpg,720,480,defect,403,220,432,248
Drone Solar Panel Inspection with FLIR-zfRaq2d0kZframe8340.jpg,720,480,defect,432,156,446,169
Drone Solar Panel Inspection with FLIR-zfRaq2d0kZframe8340.jpg,720,480,defect,156,189,177,205
Drone Solar Panel Inspection with FLIR-zfRaq2d0kZframe8340.jpg,720,480,defect,512,355,531,378
Drone Solar Panel Inspection with FLIR-zfRaq2d0kZframe8340.jpg,720,480,defect,582,426,597,441
Drone Solar Panel Inspection with FLIR-zfRaq2d0kZframe8340.jpg,720,480,defect,586,188,612,211
Drone Solar Panel Inspection with FLIR-zfRaq2d0kZframe8340.jpg,720,480,defect,403,92,420,108
Drone Solar Panel Inspection with FLIR-zfRaq2d0kZframe360.jpg,720,480,defect,158,252,197,272
Drone Solar Panel Inspection with FLIR-zfRaq2d0kZframe10440.jpg,720,480,defect,155,278,166,290
Drone Solar Panel Inspection with FLIR-zfRaq2d0kZframe10440.jpg,720,480,defect,208,189,223,205
Drone Solar Panel Inspection with FLIR-zfRaq2d0kZframe10440.jpg,720,480,defect,235,276,245,301
Drone Solar Panel Inspection with FLIR-zfRaq2d0kZframe10440.jpg,720,480,defect,512,164,527,192
Drone Solar Panel Inspection with FLIR-zfRaq2d0kZframe10440.jpg,720,480,defect,451,31,466,40
Drone Solar Panel Inspection with FLIR-zfRaq2d0kZframe60.jpg,720,480,defect,66,373,107,388
Drone Solar Panel Inspection with FLIR-zfRaq2d0kZframe60.jpg,720,480,defect,320,265,344,276
Drone Solar Panel Inspection with FLIR-zfRaq2d0kZframe60.jpg,720,480,defect,86,157,107,168
Drone Solar Panel Inspection with FLIR-zfRaq2d0kZframe60.jpg,720,480,defect,251,230,296,256
Drone Solar Panel Inspection with FLIR-zfRaq2d0kZframe10680.jpg,720,480,defect,62,460,78,476
Drone Solar Panel Inspection with FLIR-zfRaq2d0kZframe10680.jpg,720,480,defect,154,458,169,480
Drone Solar Panel Inspection with FLIR-zfRaq2d0kZframe10680.jpg,720,480,defect,131,345,156,370
Drone Solar Panel Inspection with FLIR-zfRaq2d0kZframe10680.jpg,720,480,defect,461,315,484,355
Drone Solar Panel Inspection with FLIR-zfRaq2d0kZframe10680.jpg,720,480,defect,403,153,420,170
Drone Solar Panel Inspection with FLIR-zfRaq2d0kZframe10680.jpg,720,480,defect,478,99,491,109
Drone Solar Panel Inspection with FLIR-zfRaq2d0kZframe3360.jpg,720,480,defect,337,81,388,103
Drone Solar Panel Inspection with FLIR-zfRaq2d0kZframe3360.jpg,720,480,defect,369,13,392,23
Drone Solar Panel Inspection with FLIR-zfRaq2d0kZframe3360.jpg,720,480,defect,497,30,519,43
Drone Solar Panel Inspection with FLIR-zfRaq2d0kZframe3600.jpg,720,480,defect,305,82,363,102
Drone Solar Panel Inspection with FLIR-zfRaq2d0kZframe3600.jpg,720,480,defect,495,19,527,34
Drone Solar Panel Inspection with FLIR-zfRaq2d0kZframe3600.jpg,720,480,defect,353,1,374,16
Drone Solar Panel Inspection with FLIR-zfRaq2d0kZframe8580.jpg,720,480,defect,160,197,180,209
Drone Solar Panel Inspection with FLIR-zfRaq2d0kZframe8580.jpg,720,480,defect,401,98,413,110
Drone Solar Panel Inspection with FLIR-zfRaq2d0kZframe8580.jpg,720,480,defect,425,159,444,175
Drone Solar Panel Inspection with FLIR-zfRaq2d0kZframe8580.jpg,720,480,defect,570,188,603,215
Drone Solar Panel Inspection with FLIR-zfRaq2d0kZframe8580.jpg,720,480,defect,502,354,532,378
Drone Solar Panel Inspection with FLIR-zfRaq2d0kZframe8580.jpg,720,480,defect,594,379,617,395
Drone Solar Panel Inspection with FLIR-zfRaq2d0kZframe8580.jpg,720,480,defect,570,422,588,437
Drone Solar Panel Inspection with FLIR-zfRaq2d0kZframe10860.jpg,720,480,defect,460,313,475,326
Drone Solar Panel Inspection with FLIR-zfRaq2d0kZframe10860.jpg,720,480,defect,545,237,557,251
Drone Solar Panel Inspection with FLIR-zfRaq2d0kZframe10860.jpg,720,480,defect,220,93,236,105
Drone Solar Panel Inspection with FLIR-zfRaq2d0kZframe2640.jpg,720,480,defect,524,123,553,143
Drone Solar Panel Inspection with FLIR-zfRaq2d0kZframe2640.jpg,720,480,defect,557,400,601,425
Drone Solar Panel Inspection with FLIR-zfRaq2d0kZframe7260.jpg,720,480,defect,356,344,380,358
Drone Solar Panel Inspection with FLIR-zfRaq2d0kZframe7260.jpg,720,480,defect,320,260,341,280
Drone Solar Panel Inspection with FLIR-zfRaq2d0kZframe7260.jpg,720,480,defect,579,384,607,410
Drone Solar Panel Inspection with FLIR-zfRaq2d0kZframe7260.jpg,720,480,defect,99,152,115,164
Drone Solar Panel Inspection with FLIR-zfRaq2d0kZframe4740.jpg,720,480,defect,172,190,218,226
Drone Solar Panel Inspection with FLIR-zfRaq2d0kZframe4740.jpg,720,480,defect,423,250,460,273
Drone Solar Panel Inspection with FLIR-zfRaq2d0kZframe6180.jpg,720,480,defect,158,340,242,362
Drone Solar Panel Inspection with FLIR-zfRaq2d0kZframe600.jpg,720,480,defect,674,171,704,193
Drone Solar Panel Inspection with FLIR-zfRaq2d0kZframe9660.jpg,720,480,defect,252,115,265,131
Drone Solar Panel Inspection with FLIR-zfRaq2d0kZframe9660.jpg,720,480,defect,272,160,282,181
Drone Solar Panel Inspection with FLIR-zfRaq2d0kZframe9660.jpg,720,480,defect,292,308,304,331
Drone Solar Panel Inspection with FLIR-zfRaq2d0kZframe9660.jpg,720,480,defect,541,252,557,271
Drone Solar Panel Inspection with FLIR-zfRaq2d0kZframe9660.jpg,720,480,defect,538,445,557,460
Drone Solar Panel Inspection with FLIR-zfRaq2d0kZframe9660.jpg,720,480,defect,396,146,409,159
Drone Solar Panel Inspection with FLIR-zfRaq2d0kZframe5700.jpg,720,480,defect,195,219,236,256
Drone Solar Panel Inspection with FLIR-zfRaq2d0kZframe5700.jpg,720,480,defect,432,279,468,295
Drone Solar Panel Inspection with FLIR-zfRaq2d0kZframe1200.jpg,720,480,defect,526,314,560,338
Drone Solar Panel Inspection with FLIR-zfRaq2d0kZframe1200.jpg,720,480,defect,597,93,623,113
Drone Solar Panel Inspection with FLIR-zfRaq2d0kZframe11160.jpg,720,480,defect,121,297,136,311
Drone Solar Panel Inspection with FLIR-zfRaq2d0kZframe11160.jpg,720,480,defect,186,73,199,84
Drone Solar Panel Inspection with FLIR-zfRaq2d0kZframe11160.jpg,720,480,defect,202,41,215,49
Drone Solar Panel Inspection with FLIR-zfRaq2d0kZframe11160.jpg,720,480,defect,145,393,156,429
Drone Solar Panel Inspection with FLIR-zfRaq2d0kZframe11160.jpg,720,480,defect,365,177,380,205
Drone Solar Panel Inspection with FLIR-zfRaq2d0kZframe11160.jpg,720,480,defect,387,358,404,376
Drone Solar Panel Inspection with FLIR-zfRaq2d0kZframe4620.jpg,720,480,defect,125,156,173,188
Drone Solar Panel Inspection with FLIR-zfRaq2d0kZframe4620.jpg,720,480,defect,368,206,407,230
Drone Solar Panel Inspection with FLIR-zfRaq2d0kZframe1980.jpg,720,480,defect,530,347,575,363
Drone Solar Panel Inspection with FLIR-zfRaq2d0kZframe1980.jpg,720,480,defect,620,94,642,110
Drone Solar Panel Inspection with FLIR-zfRaq2d0kZframe7920.jpg,720,480,defect,149,176,172,193
Drone Solar Panel Inspection with FLIR-zfRaq2d0kZframe7920.jpg,720,480,defect,395,83,407,95
Drone Solar Panel Inspection with FLIR-zfRaq2d0kZframe7920.jpg,720,480,defect,421,147,437,155
Drone Solar Panel Inspection with FLIR-zfRaq2d0kZframe7920.jpg,720,480,defect,500,340,519,363
Drone Solar Panel Inspection with FLIR-zfRaq2d0kZframe7920.jpg,720,480,defect,589,363,609,380
Drone Solar Panel Inspection with FLIR-zfRaq2d0kZframe7920.jpg,720,480,defect,567,409,583,422
Drone Solar Panel Inspection with FLIR-zfRaq2d0kZframe7920.jpg,720,480,defect,572,175,596,198
Drone Solar Panel Inspection with FLIR-zfRaq2d0kZframe10320.jpg,720,480,defect,119,230,138,248
Drone Solar Panel Inspection with FLIR-zfRaq2d0kZframe10320.jpg,720,480,defect,180,145,196,159
Drone Solar Panel Inspection with FLIR-zfRaq2d0kZframe10320.jpg,720,480,defect,209,233,221,255
Drone Solar Panel Inspection with FLIR-zfRaq2d0kZframe10320.jpg,720,480,defect,506,116,527,146
Drone Solar Panel Inspection with FLIR-zfRaq2d0kZframe5460.jpg,720,480,defect,129,163,186,193
Drone Solar Panel Inspection with FLIR-zfRaq2d0kZframe5460.jpg,720,480,defect,386,218,424,238
Drone Solar Panel Inspection with FLIR-zfRaq2d0kZframe5460.jpg,720,480,defect,1,459,28,480
Drone Solar Panel Inspection with FLIR-zfRaq2d0kZframe10080.jpg,720,480,defect,107,395,138,427
Drone Solar Panel Inspection with FLIR-zfRaq2d0kZframe10080.jpg,720,480,defect,554,360,585,400
Drone Solar Panel Inspection with FLIR-zfRaq2d0kZframe10080.jpg,720,480,defect,464,139,477,160
Drone Solar Panel Inspection with FLIR-zfRaq2d0kZframe10080.jpg,720,480,defect,554,68,566,80
Drone Solar Panel Inspection with FLIR-zfRaq2d0kZframe2520.jpg,720,480,defect,468,184,503,208
Drone Solar Panel Inspection with FLIR-zfRaq2d0kZframe2520.jpg,720,480,defect,197,47,222,59
Drone Solar Panel Inspection with FLIR-zfRaq2d0kZframe9360.jpg,720,480,defect,505,144,513,159
Drone Solar Panel Inspection with FLIR-zfRaq2d0kZframe9360.jpg,720,480,defect,533,191,543,209
Drone Solar Panel Inspection with FLIR-zfRaq2d0kZframe9360.jpg,720,480,defect,587,351,597,368
Drone Solar Panel Inspection with FLIR-zfRaq2d0kZframe9360.jpg,720,480,defect,660,176,670,186
Drone Solar Panel Inspection with FLIR-zfRaq2d0kZframe9360.jpg,720,480,defect,386,163,397,177
Drone Solar Panel Inspection with FLIR-zfRaq2d0kZframe4320.jpg,720,480,defect,173,241,223,288
Drone Solar Panel Inspection with FLIR-zfRaq2d0kZframe4320.jpg,720,480,defect,416,301,449,335
Drone Solar Panel Inspection with FLIR-zfRaq2d0kZframe6480.jpg,720,480,defect,190,398,289,430
Drone Solar Panel Inspection with FLIR-zfRaq2d0kZframe300.jpg,720,480,defect,75,447,123,477
Drone Solar Panel Inspection with FLIR-zfRaq2d0kZframe300.jpg,720,480,defect,315,305,407,333
Drone Solar Panel Inspection with FLIR-zfRaq2d0kZframe300.jpg,720,480,defect,96,176,118,185
Drone Solar Panel Inspection with FLIR-zfRaq2d0kZframe300.jpg,720,480,defect,284,260,342,302
Drone Solar Panel Inspection with FLIR-zfRaq2d0kZframe2340.jpg,720,480,defect,261,113,289,129
Drone Solar Panel Inspection with FLIR-zfRaq2d0kZframe2340.jpg,720,480,defect,532,266,557,280
Drone Solar Panel Inspection with FLIR-zfRaq2d0kZframe4080.jpg,720,480,defect,426,230,485,260
Drone Solar Panel Inspection with FLIR-zfRaq2d0kZframe4080.jpg,720,480,defect,601,143,624,159
Drone Solar Panel Inspection with FLIR-zfRaq2d0kZframe4080.jpg,720,480,defect,444,112,469,134
Drone Solar Panel Inspection with FLIR-zfRaq2d0kZframe3300.jpg,720,480,defect,370,11,408,24
Drone Solar Panel Inspection with FLIR-zfRaq2d0kZframe2220.jpg,720,480,defect,344,357,394,380
Drone Solar Panel Inspection with FLIR-zfRaq2d0kZframe2220.jpg,720,480,defect,528,95,551,111
Drone Solar Panel Inspection with FLIR-zfRaq2d0kZframe4860.jpg,720,480,defect,186,190,233,221
Drone Solar Panel Inspection with FLIR-zfRaq2d0kZframe4860.jpg,720,480,defect,428,244,462,262
Drone Solar Panel Inspection with FLIR-zfRaq2d0kZframe5940.jpg,720,480,defect,545,315,590,343
Drone Solar Panel Inspection with FLIR-zfRaq2d0kZframe8280.jpg,720,480,defect,141,170,157,187
Drone Solar Panel Inspection with FLIR-zfRaq2d0kZframe8280.jpg,720,480,defect,388,74,401,86
Drone Solar Panel Inspection with FLIR-zfRaq2d0kZframe8280.jpg,720,480,defect,413,134,432,149
Drone Solar Panel Inspection with FLIR-zfRaq2d0kZframe8280.jpg,720,480,defect,492,332,516,355
Drone Solar Panel Inspection with FLIR-zfRaq2d0kZframe8280.jpg,720,480,defect,565,164,594,191
Drone Solar Panel Inspection with FLIR-zfRaq2d0kZframe8280.jpg,720,480,defect,581,358,601,372
Drone Solar Panel Inspection with FLIR-zfRaq2d0kZframe8280.jpg,720,480,defect,563,401,574,415
Drone Solar Panel Inspection with FLIR-zfRaq2d0kZframe5820.jpg,720,480,defect,99,330,130,347
Drone Solar Panel Inspection with FLIR-zfRaq2d0kZframe840.jpg,720,480,defect,553,347,587,370
Drone Solar Panel Inspection with FLIR-zfRaq2d0kZframe840.jpg,720,480,defect,612,105,631,121
Drone Solar Panel Inspection with FLIR-zfRaq2d0kZframe7560.jpg,720,480,defect,87,305,106,323
Drone Solar Panel Inspection with FLIR-zfRaq2d0kZframe7560.jpg,720,480,defect,371,268,385,280
Drone Solar Panel Inspection with FLIR-zfRaq2d0kZframe7560.jpg,720,480,defect,527,301,554,327
Drone Solar Panel Inspection with FLIR-zfRaq2d0kZframe7560.jpg,720,480,defect,341,201,358,208
Drone Solar Panel Inspection with FLIR-zfRaq2d0kZframe3060.jpg,720,480,defect,268,204,318,230
Drone Solar Panel Inspection with FLIR-zfRaq2d0kZframe5160.jpg,720,480,defect,162,204,207,238
Drone Solar Panel Inspection with FLIR-zfRaq2d0kZframe5160.jpg,720,480,defect,411,257,453,286
Drone Solar Panel Inspection with FLIR-zfRaq2d0kZframe10620.jpg,720,480,defect,120,380,129,389
Drone Solar Panel Inspection with FLIR-zfRaq2d0kZframe10620.jpg,720,480,defect,178,276,198,295
Drone Solar Panel Inspection with FLIR-zfRaq2d0kZframe10620.jpg,720,480,defect,204,376,216,399
Drone Solar Panel Inspection with FLIR-zfRaq2d0kZframe10620.jpg,720,480,defect,428,99,443,110
Drone Solar Panel Inspection with FLIR-zfRaq2d0kZframe10620.jpg,720,480,defect,494,247,515,283
Drone Solar Panel Inspection with FLIR-zfRaq2d0kZframe10620.jpg,720,480,defect,502,47,510,54
Drone Solar Panel Inspection with FLIR-zfRaq2d0kZframe9000.jpg,720,480,defect,153,186,174,201
Drone Solar Panel Inspection with FLIR-zfRaq2d0kZframe9000.jpg,720,480,defect,440,147,453,163
Drone Solar Panel Inspection with FLIR-zfRaq2d0kZframe9000.jpg,720,480,defect,408,84,422,96
Drone Solar Panel Inspection with FLIR-zfRaq2d0kZframe9000.jpg,720,480,defect,520,346,542,378
Drone Solar Panel Inspection with FLIR-zfRaq2d0kZframe9000.jpg,720,480,defect,596,423,610,441
Drone Solar Panel Inspection with FLIR-zfRaq2d0kZframe9000.jpg,720,480,defect,616,377,641,394
Drone Solar Panel Inspection with FLIR-zfRaq2d0kZframe9000.jpg,720,480,defect,596,176,621,206
Drone Solar Panel Inspection with FLIR-zfRaq2d0kZframe1500.jpg,720,480,defect,520,296,552,318
Drone Solar Panel Inspection with FLIR-zfRaq2d0kZframe1500.jpg,720,480,defect,599,88,616,102
Drone Solar Panel Inspection with FLIR-zfRaq2d0kZframe10740.jpg,720,480,defect,133,393,157,411
Drone Solar Panel Inspection with FLIR-zfRaq2d0kZframe10740.jpg,720,480,defect,471,358,495,401
Drone Solar Panel Inspection with FLIR-zfRaq2d0kZframe10740.jpg,720,480,defect,411,194,424,201
Drone Solar Panel Inspection with FLIR-zfRaq2d0kZframe10740.jpg,720,480,defect,482,131,496,139
Drone Solar Panel Inspection with FLIR-zfRaq2d0kZframe10740.jpg,720,480,defect,312,375,324,383
Drone Solar Panel Inspection with FLIR-zfRaq2d0kZframe8040.jpg,720,480,defect,149,172,169,188
Drone Solar Panel Inspection with FLIR-zfRaq2d0kZframe8040.jpg,720,480,defect,398,80,407,89
Drone Solar Panel Inspection with FLIR-zfRaq2d0kZframe8040.jpg,720,480,defect,422,142,440,151
Drone Solar Panel Inspection with FLIR-zfRaq2d0kZframe8040.jpg,720,480,defect,499,338,520,360
Drone Solar Panel Inspection with FLIR-zfRaq2d0kZframe8040.jpg,720,480,defect,570,405,585,421
Drone Solar Panel Inspection with FLIR-zfRaq2d0kZframe8040.jpg,720,480,defect,577,171,597,194
Drone Solar Panel Inspection with FLIR-zfRaq2d0kZframe3840.jpg,720,480,defect,440,175,496,218
Drone Solar Panel Inspection with FLIR-zfRaq2d0kZframe3840.jpg,720,480,defect,620,91,639,115
Drone Solar Panel Inspection with FLIR-zfRaq2d0kZframe3840.jpg,720,480,defect,452,68,477,92
Drone Solar Panel Inspection with FLIR-zfRaq2d0kZframe8520.jpg,720,480,defect,157,198,176,210
Drone Solar Panel Inspection with FLIR-zfRaq2d0kZframe8520.jpg,720,480,defect,426,162,444,176
Drone Solar Panel Inspection with FLIR-zfRaq2d0kZframe8520.jpg,720,480,defect,576,191,603,215
Drone Solar Panel Inspection with FLIR-zfRaq2d0kZframe8520.jpg,720,480,defect,509,355,527,379
Drone Solar Panel Inspection with FLIR-zfRaq2d0kZframe8520.jpg,720,480,defect,595,378,617,393
Drone Solar Panel Inspection with FLIR-zfRaq2d0kZframe8520.jpg,720,480,defect,570,418,588,438
Drone Solar Panel Inspection with FLIR-zfRaq2d0kZframe8520.jpg,720,480,defect,399,98,412,111
Drone Solar Panel Inspection with FLIR-zfRaq2d0kZframe4440.jpg,720,480,defect,259,200,303,234
Drone Solar Panel Inspection with FLIR-zfRaq2d0kZframe4440.jpg,720,480,defect,496,252,526,274
Drone Solar Panel Inspection with FLIR-zfRaq2d0kZframe4440.jpg,720,480,defect,201,464,241,480
Drone Solar Panel Inspection with FLIR-zfRaq2d0kZframe5400.jpg,720,480,defect,413,228,450,250
Drone Solar Panel Inspection with FLIR-zfRaq2d0kZframe5400.jpg,720,480,defect,162,175,216,208
Drone Solar Panel Inspection with FLIR-zfRaq2d0kZframe6120.jpg,720,480,defect,147,333,231,355
Drone Solar Panel Inspection with FLIR-zfRaq2d0kZframe4680.jpg,720,480,defect,148,178,193,211
Drone Solar Panel Inspection with FLIR-zfRaq2d0kZframe4680.jpg,720,480,defect,406,236,438,259
Drone Solar Panel Inspection with FLIR-zfRaq2d0kZframe1920.jpg,720,480,defect,541,330,585,347
Drone Solar Panel Inspection with FLIR-zfRaq2d0kZframe1920.jpg,720,480,defect,624,97,641,111
Drone Solar Panel Inspection with FLIR-zfRaq2d0kZframe3660.jpg,720,480,defect,291,157,349,184
Drone Solar Panel Inspection with FLIR-zfRaq2d0kZframe3660.jpg,720,480,defect,499,77,521,93
Drone Solar Panel Inspection with FLIR-zfRaq2d0kZframe3660.jpg,720,480,defect,336,55,366,66
Drone Solar Panel Inspection with FLIR-zfRaq2d0kZframe6240.jpg,720,480,defect,131,332,231,355
Drone Solar Panel Inspection with FLIR-zfRaq2d0kZframe10800.jpg,720,480,defect,162,458,188,480
Drone Solar Panel Inspection with FLIR-zfRaq2d0kZframe10800.jpg,720,480,defect,516,421,542,464
Drone Solar Panel Inspection with FLIR-zfRaq2d0kZframe10800.jpg,720,480,defect,444,238,458,250
Drone Solar Panel Inspection with FLIR-zfRaq2d0kZframe10800.jpg,720,480,defect,524,177,534,183
Drone Solar Panel Inspection with FLIR-zfRaq2d0kZframe10800.jpg,720,480,defect,228,48,236,54
Drone Solar Panel Inspection with FLIR-zfRaq2d0kZframe7980.jpg,720,480,defect,151,176,172,193
Drone Solar Panel Inspection with FLIR-zfRaq2d0kZframe7980.jpg,720,480,defect,396,84,408,93
Drone Solar Panel Inspection with FLIR-zfRaq2d0kZframe7980.jpg,720,480,defect,422,143,437,155
Drone Solar Panel Inspection with FLIR-zfRaq2d0kZframe7980.jpg,720,480,defect,503,339,520,361
Drone Solar Panel Inspection with FLIR-zfRaq2d0kZframe7980.jpg,720,480,defect,570,409,581,421
Drone Solar Panel Inspection with FLIR-zfRaq2d0kZframe7980.jpg,720,480,defect,575,173,596,201
Drone Solar Panel Inspection with FLIR-zfRaq2d0kZframe10380.jpg,720,480,defect,149,264,165,280
Drone Solar Panel Inspection with FLIR-zfRaq2d0kZframe10380.jpg,720,480,defect,205,172,224,196
Drone Solar Panel Inspection with FLIR-zfRaq2d0kZframe10380.jpg,720,480,defect,451,18,457,29
Drone Solar Panel Inspection with FLIR-zfRaq2d0kZframe10380.jpg,720,480,defect,229,263,241,286
Drone Solar Panel Inspection with FLIR-zfRaq2d0kZframe10380.jpg,720,480,defect,512,147,531,173
Drone Solar Panel Inspection with FLIR-zfRaq2d0kZframe8640.jpg,720,480,defect,157,189,176,208
Drone Solar Panel Inspection with FLIR-zfRaq2d0kZframe8640.jpg,720,480,defect,426,156,443,169
Drone Solar Panel Inspection with FLIR-zfRaq2d0kZframe8640.jpg,720,480,defect,511,353,529,374
Drone Solar Panel Inspection with FLIR-zfRaq2d0kZframe8640.jpg,720,480,defect,596,374,622,392
Drone Solar Panel Inspection with FLIR-zfRaq2d0kZframe8640.jpg,720,480,defect,574,422,595,433
Drone Solar Panel Inspection with FLIR-zfRaq2d0kZframe8640.jpg,720,480,defect,581,183,603,213
Drone Solar Panel Inspection with FLIR-zfRaq2d0kZframe10140.jpg,720,480,defect,37,277,54,288
Drone Solar Panel Inspection with FLIR-zfRaq2d0kZframe10140.jpg,720,480,defect,115,170,127,188
Drone Solar Panel Inspection with FLIR-zfRaq2d0kZframe10140.jpg,720,480,defect,477,132,500,167
Drone Solar Panel Inspection with FLIR-zfRaq2d0kZframe10140.jpg,720,480,defect,140,268,149,304
Drone Solar Panel Inspection with FLIR-zfRaq2d0kZframe660.jpg,720,480,defect,682,167,705,184
Drone Solar Panel Inspection with FLIR-zfRaq2d0kZframe9600.jpg,720,480,defect,500,462,510,473
Drone Solar Panel Inspection with FLIR-zfRaq2d0kZframe9600.jpg,720,480,defect,252,328,264,340
Drone Solar Panel Inspection with FLIR-zfRaq2d0kZframe9600.jpg,720,480,defect,506,268,516,280
Drone Solar Panel Inspection with FLIR-zfRaq2d0kZframe9600.jpg,720,480,defect,220,126,230,142
Drone Solar Panel Inspection with FLIR-zfRaq2d0kZframe9600.jpg,720,480,defect,233,178,248,192
Drone Solar Panel Inspection with FLIR-zfRaq2d0kZframe5760.jpg,720,480,defect,169,222,209,255
Drone Solar Panel Inspection with FLIR-zfRaq2d0kZframe5760.jpg,720,480,defect,404,280,437,299
Drone Solar Panel Inspection with FLIR-zfRaq2d0kZframe10020.jpg,720,480,defect,239,77,253,89
Drone Solar Panel Inspection with FLIR-zfRaq2d0kZframe10020.jpg,720,480,defect,552,351,573,370
Drone Solar Panel Inspection with FLIR-zfRaq2d0kZframe10020.jpg,720,480,defect,653,256,666,266
Drone Solar Panel Inspection with FLIR-zfRaq2d0kZframe1260.jpg,720,480,defect,535,318,578,336
Drone Solar Panel Inspection with FLIR-zfRaq2d0kZframe1260.jpg,720,480,defect,611,99,637,113
Drone Solar Panel Inspection with FLIR-zfRaq2d0kZframe11100.jpg,720,480,defect,101,183,111,193
Drone Solar Panel Inspection with FLIR-zfRaq2d0kZframe11100.jpg,720,480,defect,328,88,339,104
Drone Solar Panel Inspection with FLIR-zfRaq2d0kZframe11100.jpg,720,480,defect,341,235,353,251
Drone Solar Panel Inspection with FLIR-zfRaq2d0kZframe11100.jpg,720,480,defect,118,262,131,288
Drone Solar Panel Inspection with FLIR-zfRaq2d0kZframe11100.jpg,720,480,defect,170,274,176,282
Drone Solar Panel Inspection with FLIR-zfRaq2d0kZframe11100.jpg,720,480,defect,592,448,608,463
Drone Solar Panel Inspection with FLIR-zfRaq2d0kZframe2580.jpg,720,480,defect,372,349,416,379
Drone Solar Panel Inspection with FLIR-zfRaq2d0kZframe2580.jpg,720,480,defect,310,115,337,134
Drone Solar Panel Inspection with FLIR-zfRaq2d0kZframe9180.jpg,720,480,defect,607,351,619,361
Drone Solar Panel Inspection with FLIR-zfRaq2d0kZframe9180.jpg,720,480,defect,598,278,613,292
Drone Solar Panel Inspection with FLIR-zfRaq2d0kZframe9180.jpg,720,480,defect,318,301,339,317
Drone Solar Panel Inspection with FLIR-zfRaq2d0kZframe9180.jpg,720,480,defect,115,167,131,184
Drone Solar Panel Inspection with FLIR-zfRaq2d0kZframe9180.jpg,720,480,defect,176,194,193,216
Drone Solar Panel Inspection with FLIR-zfRaq2d0kZframe9180.jpg,720,480,defect,464,145,472,155
Drone Solar Panel Inspection with FLIR-zfRaq2d0kZframe7620.jpg,720,480,defect,93,310,108,322
Drone Solar Panel Inspection with FLIR-zfRaq2d0kZframe7620.jpg,720,480,defect,377,272,391,283
Drone Solar Panel Inspection with FLIR-zfRaq2d0kZframe7620.jpg,720,480,defect,537,305,564,332
Drone Solar Panel Inspection with FLIR-zfRaq2d0kZframe7620.jpg,720,480,defect,352,204,362,215
Drone Solar Panel Inspection with FLIR-zfRaq2d0kZframe7620.jpg,720,480,defect,175,103,186,114
Drone Solar Panel Inspection with FLIR-zfRaq2d0kZframe7620.jpg,720,480,defect,39,338,80,371
Drone Solar Panel Inspection with FLIR-zfRaq2d0kZframe7740.jpg,720,480,defect,557,449,570,463
Drone Solar Panel Inspection with FLIR-zfRaq2d0kZframe7740.jpg,720,480,defect,484,375,503,398
Drone Solar Panel Inspection with FLIR-zfRaq2d0kZframe7740.jpg,720,480,defect,403,166,414,177
Drone Solar Panel Inspection with FLIR-zfRaq2d0kZframe7740.jpg,720,480,defect,375,101,390,113
Drone Solar Panel Inspection with FLIR-zfRaq2d0kZframe7740.jpg,720,480,defect,115,204,134,216
Drone Solar Panel Inspection with FLIR-zfRaq2d0kZframe7740.jpg,720,480,defect,198,5,207,15
Drone Solar Panel Inspection with FLIR-zfRaq2d0kZframe5340.jpg,720,480,defect,175,179,208,212
Drone Solar Panel Inspection with FLIR-zfRaq2d0kZframe5340.jpg,720,480,defect,420,225,449,254
Drone Solar Panel Inspection with FLIR-zfRaq2d0kZframe8880.jpg,720,480,defect,153,180,173,196
Drone Solar Panel Inspection with FLIR-zfRaq2d0kZframe8880.jpg,720,480,defect,407,74,420,91
Drone Solar Panel Inspection with FLIR-zfRaq2d0kZframe8880.jpg,720,480,defect,436,141,454,159
Drone Solar Panel Inspection with FLIR-zfRaq2d0kZframe8880.jpg,720,480,defect,596,171,625,201
Drone Solar Panel Inspection with FLIR-zfRaq2d0kZframe8880.jpg,720,480,defect,520,346,549,370
Drone Solar Panel Inspection with FLIR-zfRaq2d0kZframe8880.jpg,720,480,defect,616,369,639,388
Drone Solar Panel Inspection with FLIR-zfRaq2d0kZframe8880.jpg,720,480,defect,598,419,612,432
Drone Solar Panel Inspection with FLIR-zfRaq2d0kZframe4260.jpg,720,480,defect,171,281,207,320
Drone Solar Panel Inspection with FLIR-zfRaq2d0kZframe4260.jpg,720,480,defect,407,348,439,370
Drone Solar Panel Inspection with FLIR-zfRaq2d0kZframe10560.jpg,720,480,defect,153,317,161,333
Drone Solar Panel Inspection with FLIR-zfRaq2d0kZframe10560.jpg,720,480,defect,207,223,228,244
Drone Solar Panel Inspection with FLIR-zfRaq2d0kZframe10560.jpg,720,480,defect,233,305,244,342
Drone Solar Panel Inspection with FLIR-zfRaq2d0kZframe10560.jpg,720,480,defect,446,60,458,73
Drone Solar Panel Inspection with FLIR-zfRaq2d0kZframe10560.jpg,720,480,defect,507,200,525,228
Drone Solar Panel Inspection with FLIR-zfRaq2d0kZframe5220.jpg,720,480,defect,171,196,218,233
Drone Solar Panel Inspection with FLIR-zfRaq2d0kZframe5220.jpg,720,480,defect,420,251,460,276
Drone Solar Panel Inspection with FLIR-zfRaq2d0kZframe240.jpg,720,480,defect,1,337,36,363
Drone Solar Panel Inspection with FLIR-zfRaq2d0kZframe240.jpg,720,480,defect,266,228,292,249
Drone Solar Panel Inspection with FLIR-zfRaq2d0kZframe240.jpg,720,480,defect,50,136,66,143
Drone Solar Panel Inspection with FLIR-zfRaq2d0kZframe240.jpg,720,480,defect,201,205,249,226
Drone Solar Panel Inspection with FLIR-zfRaq2d0kZframe240.jpg,720,480,defect,644,109,677,124
Drone Solar Panel Inspection with FLIR-zfRaq2d0kZframe2940.jpg,720,480,defect,431,109,469,138
Drone Solar Panel Inspection with FLIR-zfRaq2d0kZframe120.jpg,720,480,defect,51,353,98,366
Drone Solar Panel Inspection with FLIR-zfRaq2d0kZframe120.jpg,720,480,defect,276,248,339,263
Drone Solar Panel Inspection with FLIR-zfRaq2d0kZframe120.jpg,720,480,defect,81,143,109,155
Drone Solar Panel Inspection with FLIR-zfRaq2d0kZframe120.jpg,720,480,defect,247,218,302,239
Drone Solar Panel Inspection with FLIR-zfRaq2d0kZframe2820.jpg,720,480,defect,463,132,503,171
Drone Solar Panel Inspection with FLIR-zfRaq2d0kZframe1440.jpg,720,480,defect,549,293,587,313
Drone Solar Panel Inspection with FLIR-zfRaq2d0kZframe1440.jpg,720,480,defect,616,81,636,97
Drone Solar Panel Inspection with FLIR-zfRaq2d0kZframe3900.jpg,720,480,defect,454,173,507,198
Drone Solar Panel Inspection with FLIR-zfRaq2d0kZframe3900.jpg,720,480,defect,623,88,649,104
Drone Solar Panel Inspection with FLIR-zfRaq2d0kZframe3900.jpg,720,480,defect,457,60,484,80
Drone Solar Panel Inspection with FLIR-zfRaq2d0kZframe8100.jpg,720,480,defect,149,173,165,184
Drone Solar Panel Inspection with FLIR-zfRaq2d0kZframe8100.jpg,720,480,defect,423,135,441,151
Drone Solar Panel Inspection with FLIR-zfRaq2d0kZframe8100.jpg,720,480,defect,502,336,524,357
Drone Solar Panel Inspection with FLIR-zfRaq2d0kZframe8100.jpg,720,480,defect,571,405,585,417
Drone Solar Panel Inspection with FLIR-zfRaq2d0kZframe8100.jpg,720,480,defect,577,169,602,193
Drone Solar Panel Inspection with FLIR-zfRaq2d0kZframe8100.jpg,720,480,defect,395,75,407,86
Drone Solar Panel Inspection with FLIR-zfRaq2d0kZframe1680.jpg,720,480,defect,528,309,569,335
Drone Solar Panel Inspection with FLIR-zfRaq2d0kZframe1680.jpg,720,480,defect,612,95,631,109
Drone Solar Panel Inspection with FLIR-zfRaq2d0kZframe4920.jpg,720,480,defect,205,187,247,224
Drone Solar Panel Inspection with FLIR-zfRaq2d0kZframe4920.jpg,720,480,defect,451,243,489,262
Drone Solar Panel Inspection with FLIR-zfRaq2d0kZframe2160.jpg,720,480,defect,355,400,407,421
Drone Solar Panel Inspection with FLIR-zfRaq2d0kZframe2160.jpg,720,480,defect,537,110,563,125
Drone Solar Panel Inspection with FLIR-zfRaq2d0kZframe9960.jpg,720,480,defect,242,84,257,106
Drone Solar Panel Inspection with FLIR-zfRaq2d0kZframe9960.jpg,720,480,defect,628,16,642,26
Drone Solar Panel Inspection with FLIR-zfRaq2d0kZframe9960.jpg,720,480,defect,643,263,659,280
Drone Solar Panel Inspection with FLIR-zfRaq2d0kZframe9960.jpg,720,480,defect,544,359,564,375
Drone Solar Panel Inspection with FLIR-zfRaq2d0kZframe900.jpg,720,480,defect,539,305,577,327
Drone Solar Panel Inspection with FLIR-zfRaq2d0kZframe900.jpg,720,480,defect,604,94,623,112
Drone Solar Panel Inspection with FLIR-zfRaq2d0kZframe3120.jpg,720,480,defect,133,279,181,318
Drone Solar Panel Inspection with FLIR-zfRaq2d0kZframe6060.jpg,720,480,defect,157,326,237,343
Drone Solar Panel Inspection with FLIR-zfRaq2d0kZframe9780.jpg,720,480,defect,245,66,257,81
Drone Solar Panel Inspection with FLIR-zfRaq2d0kZframe9780.jpg,720,480,defect,261,117,274,134
Drone Solar Panel Inspection with FLIR-zfRaq2d0kZframe9780.jpg,720,480,defect,287,275,301,293
Drone Solar Panel Inspection with FLIR-zfRaq2d0kZframe9780.jpg,720,480,defect,566,421,581,434
Drone Solar Panel Inspection with FLIR-zfRaq2d0kZframe9780.jpg,720,480,defect,566,213,576,227
Drone Solar Panel Inspection with FLIR-zfRaq2d0kZframe9780.jpg,720,480,defect,404,97,416,111
Drone Solar Panel Inspection with FLIR-zfRaq2d0kZframe1860.jpg,720,480,defect,526,340,578,359
Drone Solar Panel Inspection with FLIR-zfRaq2d0kZframe1860.jpg,720,480,defect,619,107,635,122
Drone Solar Panel Inspection with FLIR-zfRaq2d0kZframe2400.jpg,720,480,defect,239,101,270,115
Drone Solar Panel Inspection with FLIR-zfRaq2d0kZframe2400.jpg,720,480,defect,517,252,542,275
Drone Solar Panel Inspection with FLIR-zfRaq2d0kZframe9540.jpg,720,480,defect,232,140,242,157
Drone Solar Panel Inspection with FLIR-zfRaq2d0kZframe9540.jpg,720,480,defect,244,184,261,208
Drone Solar Panel Inspection with FLIR-zfRaq2d0kZframe9540.jpg,720,480,defect,266,342,278,365
Drone Solar Panel Inspection with FLIR-zfRaq2d0kZframe9540.jpg,720,480,defect,378,173,388,188
Drone Solar Panel Inspection with FLIR-zfRaq2d0kZframe9540.jpg,720,480,defect,521,285,529,299
Drone Solar Panel Inspection with FLIR-zfRaq2d0kZframe9540.jpg,720,480,defect,366,84,378,99
Drone Solar Panel Inspection with FLIR-zfRaq2d0kZframe6840.jpg,720,480,defect,195,459,223,476
Drone Solar Panel Inspection with FLIR-zfRaq2d0kZframe4500.jpg,720,480,defect,207,197,249,234
Drone Solar Panel Inspection with FLIR-zfRaq2d0kZframe4500.jpg,720,480,defect,441,249,483,276
Drone Solar Panel Inspection with FLIR-zfRaq2d0kZframe8460.jpg,720,480,defect,395,101,408,113
Drone Solar Panel Inspection with FLIR-zfRaq2d0kZframe8460.jpg,720,480,defect,574,193,599,219
Drone Solar Panel Inspection with FLIR-zfRaq2d0kZframe8460.jpg,720,480,defect,500,357,524,380
Drone Solar Panel Inspection with FLIR-zfRaq2d0kZframe8460.jpg,720,480,defect,563,421,585,443
Drone Solar Panel Inspection with FLIR-zfRaq2d0kZframe8460.jpg,720,480,defect,151,198,174,211
Drone Solar Panel Inspection with FLIR-zfRaq2d0kZframe8460.jpg,720,480,defect,589,383,607,399
Drone Solar Panel Inspection with FLIR-zfRaq2d0kZframe8460.jpg,720,480,defect,424,165,438,176
Drone Solar Panel Inspection with FLIR-zfRaq2d0kZframe10980.jpg,720,480,defect,195,43,206,57
Drone Solar Panel Inspection with FLIR-zfRaq2d0kZframe10980.jpg,720,480,defect,211,251,231,265
Drone Solar Panel Inspection with FLIR-zfRaq2d0kZframe10980.jpg,720,480,defect,595,448,609,458
Drone Solar Panel Inspection with FLIR-zfRaq2d0kZframe10980.jpg,720,480,defect,590,164,602,176
Drone Solar Panel Inspection with FLIR-zfRaq2d0kZframe7800.jpg,720,480,defect,391,72,406,85
Drone Solar Panel Inspection with FLIR-zfRaq2d0kZframe7800.jpg,720,480,defect,137,172,161,184
Drone Solar Panel Inspection with FLIR-zfRaq2d0kZframe7800.jpg,720,480,defect,420,136,434,148
Drone Solar Panel Inspection with FLIR-zfRaq2d0kZframe7800.jpg,720,480,defect,502,338,516,359
Drone Solar Panel Inspection with FLIR-zfRaq2d0kZframe7800.jpg,720,480,defect,570,408,587,416
Drone Solar Panel Inspection with FLIR-zfRaq2d0kZframe7800.jpg,720,480,defect,574,166,602,194
Drone Solar Panel Inspection with FLIR-zfRaq2d0kZframe9420.jpg,720,480,defect,505,144,516,159
Drone Solar Panel Inspection with FLIR-zfRaq2d0kZframe9420.jpg,720,480,defect,532,193,541,208
Drone Solar Panel Inspection with FLIR-zfRaq2d0kZframe9420.jpg,720,480,defect,557,193,570,211
Drone Solar Panel Inspection with FLIR-zfRaq2d0kZframe9420.jpg,720,480,defect,588,347,602,371
Drone Solar Panel Inspection with FLIR-zfRaq2d0kZframe9420.jpg,720,480,defect,661,175,672,190
Drone Solar Panel Inspection with FLIR-zfRaq2d0kZframe10200.jpg,720,480,defect,49,213,62,222
Drone Solar Panel Inspection with FLIR-zfRaq2d0kZframe10200.jpg,720,480,defect,121,114,141,134
Drone Solar Panel Inspection with FLIR-zfRaq2d0kZframe10200.jpg,720,480,defect,464,88,486,119
Drone Solar Panel Inspection with FLIR-zfRaq2d0kZframe10200.jpg,720,480,defect,141,213,158,232
Drone Solar Panel Inspection with FLIR-zfRaq2d0kZframe7380.jpg,720,480,defect,378,188,391,203
Drone Solar Panel Inspection with FLIR-zfRaq2d0kZframe7380.jpg,720,480,defect,341,105,354,115
Drone Solar Panel Inspection with FLIR-zfRaq2d0kZframe7380.jpg,720,480,defect,3,240,10,257
Drone Solar Panel Inspection with FLIR-zfRaq2d0kZframe7380.jpg,720,480,defect,591,232,620,262
Drone Solar Panel Inspection with FLIR-zfRaq2d0kZframe8700.jpg,720,480,defect,150,183,178,201
Drone Solar Panel Inspection with FLIR-zfRaq2d0kZframe8700.jpg,720,480,defect,431,147,445,159
Drone Solar Panel Inspection with FLIR-zfRaq2d0kZframe8700.jpg,720,480,defect,403,84,416,95
Drone Solar Panel Inspection with FLIR-zfRaq2d0kZframe8700.jpg,720,480,defect,591,176,612,204
Drone Solar Panel Inspection with FLIR-zfRaq2d0kZframe8700.jpg,720,480,defect,517,345,537,368
Drone Solar Panel Inspection with FLIR-zfRaq2d0kZframe8700.jpg,720,480,defect,603,366,629,388
Drone Solar Panel Inspection with FLIR-zfRaq2d0kZframe8700.jpg,720,480,defect,581,416,603,433
Drone Solar Panel Inspection with FLIR-zfRaq2d0kZframe3480.jpg,720,480,defect,325,59,391,85
Drone Solar Panel Inspection with FLIR-zfRaq2d0kZframe3480.jpg,720,480,defect,514,1,542,18
Drone Solar Panel Inspection with FLIR-zfRaq2d0kZframe1320.jpg,720,480,defect,552,302,584,314
Drone Solar Panel Inspection with FLIR-zfRaq2d0kZframe1320.jpg,720,480,defect,616,82,639,96
Drone Solar Panel Inspection with FLIR-zfRaq2d0kZframe11040.jpg,720,480,defect,111,60,121,72
Drone Solar Panel Inspection with FLIR-zfRaq2d0kZframe11040.jpg,720,480,defect,128,126,142,148
Drone Solar Panel Inspection with FLIR-zfRaq2d0kZframe11040.jpg,720,480,defect,328,105,338,113
Drone Solar Panel Inspection with FLIR-zfRaq2d0kZframe11040.jpg,720,480,defect,136,366,144,392
Drone Solar Panel Inspection with FLIR-zfRaq2d0kZframe11040.jpg,720,480,defect,550,273,567,289
Drone Solar Panel Inspection with FLIR-zfRaq2d0kZframe480.jpg,720,480,defect,594,164,612,187
Drone Solar Panel Inspection with FLIR-zfRaq2d0kZframe3720.jpg,720,480,defect,240,180,303,203
Drone Solar Panel Inspection with FLIR-zfRaq2d0kZframe3720.jpg,720,480,defect,468,87,487,109
Drone Solar Panel Inspection with FLIR-zfRaq2d0kZframe3720.jpg,720,480,defect,308,65,329,80
Drone Solar Panel Inspection with FLIR-zfRaq2d0kZframe6300.jpg,720,480,defect,163,330,254,355
Drone Solar Panel Inspection with FLIR-zfRaq2d0kZframe11280.jpg,720,480,defect,249,176,261,187
Drone Solar Panel Inspection with FLIR-zfRaq2d0kZframe11280.jpg,720,480,defect,195,444,208,457
Drone Solar Panel Inspection with FLIR-zfRaq2d0kZframe11280.jpg,720,480,defect,450,301,467,331
Drone Solar Panel Inspection with FLIR-zfRaq2d0kZframe11280.jpg,720,480,defect,71,172,84,183
Drone Solar Panel Inspection with FLIR-zfRaq2d0kZframe11280.jpg,720,480,defect,267,138,277,151
Drone Solar Panel Inspection with FLIR-zfRaq2d0kZframe2760.jpg,720,480,defect,95,448,142,480
Drone Solar Panel Inspection with FLIR-zfRaq2d0kZframe2760.jpg,720,480,defect,465,153,499,193
Drone Solar Panel Inspection with FLIR-zfRaq2d0kZframe1080.jpg,720,480,defect,502,351,543,368
Drone Solar Panel Inspection with FLIR-zfRaq2d0kZframe1080.jpg,720,480,defect,586,122,608,129
Drone Solar Panel Inspection with FLIR-zfRaq2d0kZframe5580.jpg,720,480,defect,180,185,220,209
Drone Solar Panel Inspection with FLIR-zfRaq2d0kZframe5580.jpg,720,480,defect,432,236,463,254
Drone Solar Panel Inspection with FLIR-zfRaq2d0kZframe7680.jpg,720,480,defect,528,290,570,319
Drone Solar Panel Inspection with FLIR-zfRaq2d0kZframe7680.jpg,720,480,defect,369,257,386,270
Drone Solar Panel Inspection with FLIR-zfRaq2d0kZframe7680.jpg,720,480,defect,344,186,356,198
Drone Solar Panel Inspection with FLIR-zfRaq2d0kZframe7680.jpg,720,480,defect,77,299,91,311
Drone Solar Panel Inspection with FLIR-zfRaq2d0kZframe7680.jpg,720,480,defect,162,83,177,95
Drone Solar Panel Inspection with FLIR-zfRaq2d0kZframe9120.jpg,720,480,defect,420,76,437,93
Drone Solar Panel Inspection with FLIR-zfRaq2d0kZframe9120.jpg,720,480,defect,450,141,464,155
Drone Solar Panel Inspection with FLIR-zfRaq2d0kZframe9120.jpg,720,480,defect,172,177,191,194
Drone Solar Panel Inspection with FLIR-zfRaq2d0kZframe9120.jpg,720,480,defect,606,172,634,199
Drone Solar Panel Inspection with FLIR-zfRaq2d0kZframe9120.jpg,720,480,defect,536,343,557,372
Drone Solar Panel Inspection with FLIR-zfRaq2d0kZframe9120.jpg,720,480,defect,624,365,651,388
Drone Solar Panel Inspection with FLIR-zfRaq2d0kZframe9120.jpg,720,480,defect,611,415,622,431
Drone Solar Panel Inspection with FLIR-zfRaq2d0kZframe5040.jpg,720,480,defect,195,195,234,229
Drone Solar Panel Inspection with FLIR-zfRaq2d0kZframe5040.jpg,720,480,defect,438,247,470,268
Drone Solar Panel Inspection with FLIR-zfRaq2d0kZframe3960.jpg,720,480,defect,413,168,470,202
Drone Solar Panel Inspection with FLIR-zfRaq2d0kZframe3960.jpg,720,480,defect,594,93,617,106
Drone Solar Panel Inspection with FLIR-zfRaq2d0kZframe3960.jpg,720,480,defect,428,68,461,84
Drone Solar Panel Inspection with FLIR-zfRaq2d0kZframe8160.jpg,720,480,defect,424,134,440,151
Drone Solar Panel Inspection with FLIR-zfRaq2d0kZframe8160.jpg,720,480,defect,574,165,600,192
Drone Solar Panel Inspection with FLIR-zfRaq2d0kZframe8160.jpg,720,480,defect,504,331,524,356
Drone Solar Panel Inspection with FLIR-zfRaq2d0kZframe8160.jpg,720,480,defect,571,405,587,418
Drone Solar Panel Inspection with FLIR-zfRaq2d0kZframe8160.jpg,720,480,defect,147,170,165,184
Drone Solar Panel Inspection with FLIR-zfRaq2d0kZframe8160.jpg,720,480,defect,393,72,418,83
Drone Solar Panel Inspection with FLIR-zfRaq2d0kZframe8820.jpg,720,480,defect,148,179,166,199
Drone Solar Panel Inspection with FLIR-zfRaq2d0kZframe8820.jpg,720,480,defect,396,76,416,89
Drone Solar Panel Inspection with FLIR-zfRaq2d0kZframe8820.jpg,720,480,defect,428,143,448,155
Drone Solar Panel Inspection with FLIR-zfRaq2d0kZframe8820.jpg,720,480,defect,592,172,615,196
Drone Solar Panel Inspection with FLIR-zfRaq2d0kZframe8820.jpg,720,480,defect,512,348,540,369
Drone Solar Panel Inspection with FLIR-zfRaq2d0kZframe8820.jpg,720,480,defect,589,417,603,432
Drone Solar Panel Inspection with FLIR-zfRaq2d0kZframe8820.jpg,720,480,defect,613,371,632,386
Drone Solar Panel Inspection with FLIR-zfRaq2d0kZframe2100.jpg,720,480,defect,489,393,548,422
Drone Solar Panel Inspection with FLIR-zfRaq2d0kZframe2100.jpg,720,480,defect,611,108,630,122
Drone Solar Panel Inspection with FLIR-zfRaq2d0kZframe9900.jpg,720,480,defect,257,157,275,181
Drone Solar Panel Inspection with FLIR-zfRaq2d0kZframe9900.jpg,720,480,defect,599,94,615,103
Drone Solar Panel Inspection with FLIR-zfRaq2d0kZframe9900.jpg,720,480,defect,609,328,624,339
Drone Solar Panel Inspection with FLIR-zfRaq2d0kZframe9900.jpg,720,480,defect,525,413,545,428
Drone Solar Panel Inspection with FLIR-zfRaq2d0kZframe960.jpg,720,480,defect,509,330,550,347
Drone Solar Panel Inspection with FLIR-zfRaq2d0kZframe7440.jpg,720,480,defect,341,100,353,114
Drone Solar Panel Inspection with FLIR-zfRaq2d0kZframe7440.jpg,720,480,defect,374,188,391,200
Drone Solar Panel Inspection with FLIR-zfRaq2d0kZframe7440.jpg,720,480,defect,3,243,13,253
Drone Solar Panel Inspection with FLIR-zfRaq2d0kZframe7440.jpg,720,480,defect,591,231,617,255
Drone Solar Panel Inspection with FLIR-zfRaq2d0kZframe5280.jpg,720,480,defect,171,183,214,226
Drone Solar Panel Inspection with FLIR-zfRaq2d0kZframe5280.jpg,720,480,defect,420,249,455,268
Drone Solar Panel Inspection with FLIR-zfRaq2d0kZframe8940.jpg,720,480,defect,406,80,418,91
Drone Solar Panel Inspection with FLIR-zfRaq2d0kZframe8940.jpg,720,480,defect,150,180,172,197
Drone Solar Panel Inspection with FLIR-zfRaq2d0kZframe8940.jpg,720,480,defect,436,146,449,157
Drone Solar Panel Inspection with FLIR-zfRaq2d0kZframe8940.jpg,720,480,defect,522,348,543,371
Drone Solar Panel Inspection with FLIR-zfRaq2d0kZframe8940.jpg,720,480,defect,616,372,637,393
Drone Solar Panel Inspection with FLIR-zfRaq2d0kZframe8940.jpg,720,480,defect,589,420,612,434
Drone Solar Panel Inspection with FLIR-zfRaq2d0kZframe8940.jpg,720,480,defect,595,177,620,201
Drone Solar Panel Inspection with FLIR-zfRaq2d0kZframe180.jpg,720,480,defect,20,362,72,382
Drone Solar Panel Inspection with FLIR-zfRaq2d0kZframe180.jpg,720,480,defect,249,252,325,271
Drone Solar Panel Inspection with FLIR-zfRaq2d0kZframe180.jpg,720,480,defect,59,146,91,159
Drone Solar Panel Inspection with FLIR-zfRaq2d0kZframe180.jpg,720,480,defect,253,219,273,229
Drone Solar Panel Inspection with FLIR-zfRaq2d0kZframe180.jpg,720,480,defect,682,123,696,136
Drone Solar Panel Inspection with FLIR-zfRaq2d0kZframe2880.jpg,720,480,defect,459,109,487,139
Drone Solar Panel Inspection with FLIR-zfRaq2d0kZframe6600.jpg,720,480,defect,178,380,261,406
Drone Solar Panel Inspection with FLIR-zfRaq2d0kZframe1620.jpg,720,480,defect,527,342,565,360
Drone Solar Panel Inspection with FLIR-zfRaq2d0kZframe1620.jpg,720,480,defect,609,101,632,122
Drone Solar Panel Inspection with FLIR-zfRaq2d0kZframe4980.jpg,720,480,defect,207,191,253,229
Drone Solar Panel Inspection with FLIR-zfRaq2d0kZframe4980.jpg,720,480,defect,457,248,495,272
Drone Solar Panel Inspection with FLIR-zfRaq2d0kZframe9240.jpg,720,480,defect,455,452,470,472
Drone Solar Panel Inspection with FLIR-zfRaq2d0kZframe9240.jpg,720,480,defect,648,335,658,347
Drone Solar Panel Inspection with FLIR-zfRaq2d0kZframe9240.jpg,720,480,defect,345,312,363,334
Drone Solar Panel Inspection with FLIR-zfRaq2d0kZframe9240.jpg,720,480,defect,306,272,317,289
Drone Solar Panel Inspection with FLIR-zfRaq2d0kZframe9240.jpg,720,480,defect,199,326,211,335
Drone Solar Panel Inspection with FLIR-zfRaq2d0kZframe9240.jpg,720,480,defect,375,312,387,325
Drone Solar Panel Inspection with FLIR-zfRaq2d0kZframe9240.jpg,720,480,defect,580,84,596,101
Drone Solar Panel Inspection with FLIR-zfRaq2d0kZframe9240.jpg,720,480,defect,266,167,279,180
Drone Solar Panel Inspection with FLIR-zfRaq2d0kZframe9240.jpg,720,480,defect,459,268,470,280
Drone Solar Panel Inspection with FLIR-zfRaq2d0kZframe9240.jpg,720,480,defect,399,191,413,208
Drone Solar Panel Inspection with FLIR-zfRaq2d0kZframe4200.jpg,720,480,defect,218,257,251,284
Drone Solar Panel Inspection with FLIR-zfRaq2d0kZframe4200.jpg,720,480,defect,429,305,456,327
Drone Solar Panel Inspection with FLIR-zfRaq2d0kZframe10500.jpg,720,480,defect,154,281,169,299
Drone Solar Panel Inspection with FLIR-zfRaq2d0kZframe10500.jpg,720,480,defect,210,197,229,213
Drone Solar Panel Inspection with FLIR-zfRaq2d0kZframe10500.jpg,720,480,defect,233,284,243,304
Drone Solar Panel Inspection with FLIR-zfRaq2d0kZframe10500.jpg,720,480,defect,505,173,525,199
Drone Solar Panel Inspection with FLIR-zfRaq2d0kZframe10500.jpg,720,480,defect,447,40,455,47
Drone Solar Panel Inspection with FLIR-zfRaq2d0kZframe1740.jpg,720,480,defect,540,330,579,352
Drone Solar Panel Inspection with FLIR-zfRaq2d0kZframe1740.jpg,720,480,defect,615,103,639,121
Drone Solar Panel Inspection with FLIR-zfRaq2d0kZframe8760.jpg,720,480,defect,152,179,176,197
Drone Solar Panel Inspection with FLIR-zfRaq2d0kZframe8760.jpg,720,480,defect,403,78,420,92
Drone Solar Panel Inspection with FLIR-zfRaq2d0kZframe8760.jpg,720,480,defect,432,144,451,155
Drone Solar Panel Inspection with FLIR-zfRaq2d0kZframe8760.jpg,720,480,defect,519,348,541,368
Drone Solar Panel Inspection with FLIR-zfRaq2d0kZframe8760.jpg,720,480,defect,612,369,637,387
Drone Solar Panel Inspection with FLIR-zfRaq2d0kZframe8760.jpg,720,480,defect,592,414,607,430
Drone Solar Panel Inspection with FLIR-zfRaq2d0kZframe5640.jpg,720,480,defect,209,201,250,230
Drone Solar Panel Inspection with FLIR-zfRaq2d0kZframe5640.jpg,720,480,defect,452,254,475,271
Drone Solar Panel Inspection with FLIR-zfRaq2d0kZframe9720.jpg,720,480,defect,249,105,263,119
Drone Solar Panel Inspection with FLIR-zfRaq2d0kZframe9720.jpg,720,480,defect,266,149,282,172
Drone Solar Panel Inspection with FLIR-zfRaq2d0kZframe9720.jpg,720,480,defect,287,301,304,322
Drone Solar Panel Inspection with FLIR-zfRaq2d0kZframe9720.jpg,720,480,defect,541,437,558,452
Drone Solar Panel Inspection with FLIR-zfRaq2d0kZframe9720.jpg,720,480,defect,545,245,556,259
Drone Solar Panel Inspection with FLIR-zfRaq2d0kZframe9720.jpg,720,480,defect,392,137,410,144
Drone Solar Panel Inspection with FLIR-zfRaq2d0kZframe6360.jpg,720,480,defect,170,376,272,401
Drone Solar Panel Inspection with FLIR-zfRaq2d0kZframe10920.jpg,720,480,defect,240,151,257,167
Drone Solar Panel Inspection with FLIR-zfRaq2d0kZframe10920.jpg,720,480,defect,603,322,612,335
Drone Solar Panel Inspection with FLIR-zfRaq2d0kZframe10920.jpg,720,480,defect,516,415,528,427
Drone Solar Panel Inspection with FLIR-zfRaq2d0kZframe10920.jpg,720,480,defect,167,135,187,175
Drone Solar Panel Inspection with FLIR-zfRaq2d0kZframe10920.jpg,720,480,defect,595,84,609,102
Drone Solar Panel Inspection with FLIR-zfRaq2d0kZframe7320.jpg,720,480,defect,334,113,347,123
Drone Solar Panel Inspection with FLIR-zfRaq2d0kZframe7320.jpg,720,480,defect,583,238,617,268
Drone Solar Panel Inspection with FLIR-zfRaq2d0kZframe7320.jpg,720,480,defect,1,251,8,263
Drone Solar Panel Inspection with FLIR-zfRaq2d0kZframe9480.jpg,720,480,defect,398,149,406,159
Drone Solar Panel Inspection with FLIR-zfRaq2d0kZframe9480.jpg,720,480,defect,417,196,432,213
Drone Solar Panel Inspection with FLIR-zfRaq2d0kZframe9480.jpg,720,480,defect,445,197,457,214
Drone Solar Panel Inspection with FLIR-zfRaq2d0kZframe9480.jpg,720,480,defect,461,348,471,368
Drone Solar Panel Inspection with FLIR-zfRaq2d0kZframe9480.jpg,720,480,defect,545,176,559,191
Drone Solar Panel Inspection with FLIR-zfRaq2d0kZframe9480.jpg,720,480,defect,524,87,538,103
Drone Solar Panel Inspection with FLIR-zfRaq2d0kZframe6000.jpg,720,480,defect,162,396,253,416
Drone Solar Panel Inspection with FLIR-zfRaq2d0kZframe3420.jpg,720,480,defect,337,115,386,136
Drone Solar Panel Inspection with FLIR-zfRaq2d0kZframe3420.jpg,720,480,defect,513,51,529,64
Drone Solar Panel Inspection with FLIR-zfRaq2d0kZframe3420.jpg,720,480,defect,377,26,398,48
Drone Solar Panel Inspection with FLIR-zfRaq2d0kZframe780.jpg,720,480,defect,683,130,707,145
Drone Solar Panel Inspection with FLIR-zfRaq2d0kZframe1380.jpg,720,480,defect,521,281,568,303
Drone Solar Panel Inspection with FLIR-zfRaq2d0kZframe1380.jpg,720,480,defect,599,75,629,89
Drone Solar Panel Inspection with FLIR-zfRaq2d0kZframe3540.jpg,720,480,defect,324,62,382,85
Drone Solar Panel Inspection with FLIR-zfRaq2d0kZframe3540.jpg,720,480,defect,507,5,530,22
Drone Solar Panel Inspection with FLIR-zfRaq2d0kZframe1800.jpg,720,480,defect,516,341,564,355
Drone Solar Panel Inspection with FLIR-zfRaq2d0kZframe1800.jpg,720,480,defect,604,112,631,118
Drone Solar Panel Inspection with FLIR-zfRaq2d0kZframe2460.jpg,720,480,defect,239,97,273,106
Drone Solar Panel Inspection with FLIR-zfRaq2d0kZframe2460.jpg,720,480,defect,526,242,554,268
Drone Solar Panel Inspection with FLIR-zfRaq2d0kZframe1140.jpg,720,480,defect,520,335,554,355
Drone Solar Panel Inspection with FLIR-zfRaq2d0kZframe420.jpg,720,480,defect,532,138,552,159
Drone Solar Panel Inspection with FLIR-zfRaq2d0kZframe3780.jpg,720,480,defect,352,205,411,236
Drone Solar Panel Inspection with FLIR-zfRaq2d0kZframe3780.jpg,720,480,defect,559,110,576,127
Drone Solar Panel Inspection with FLIR-zfRaq2d0kZframe3780.jpg,720,480,defect,390,84,407,104
Drone Solar Panel Inspection with FLIR-zfRaq2d0kZframe4560.jpg,720,480,defect,165,181,212,212
Drone Solar Panel Inspection with FLIR-zfRaq2d0kZframe4560.jpg,720,480,defect,419,238,448,259
Drone Solar Panel Inspection with FLIR-zfRaq2d0kZframe11220.jpg,720,480,defect,233,97,243,107
Drone Solar Panel Inspection with FLIR-zfRaq2d0kZframe11220.jpg,720,480,defect,212,132,228,143
Drone Solar Panel Inspection with FLIR-zfRaq2d0kZframe11220.jpg,720,480,defect,150,374,168,393
Drone Solar Panel Inspection with FLIR-zfRaq2d0kZframe11220.jpg,720,480,defect,411,247,420,277
Drone Solar Panel Inspection with FLIR-zfRaq2d0kZframe11220.jpg,720,480,defect,437,452,449,466
Drone Solar Panel Inspection with FLIR-zfRaq2d0kZframe8400.jpg,720,480,defect,228,5,242,15
Drone Solar Panel Inspection with FLIR-zfRaq2d0kZframe8400.jpg,720,480,defect,424,159,440,172
Drone Solar Panel Inspection with FLIR-zfRaq2d0kZframe8400.jpg,720,480,defect,502,352,527,379
Drone Solar Panel Inspection with FLIR-zfRaq2d0kZframe8400.jpg,720,480,defect,570,421,585,436
Drone Solar Panel Inspection with FLIR-zfRaq2d0kZframe8400.jpg,720,480,defect,578,193,602,217
Drone Solar Panel Inspection with FLIR-zfRaq2d0kZframe8400.jpg,720,480,defect,152,194,178,210
Drone Solar Panel Inspection with FLIR-zfRaq2d0kZframe8400.jpg,720,480,defect,398,101,410,111
Drone Solar Panel Inspection with FLIR-zfRaq2d0kZframe7860.jpg,720,480,defect,145,175,170,194
Drone Solar Panel Inspection with FLIR-zfRaq2d0kZframe7860.jpg,720,480,defect,395,82,408,91
Drone Solar Panel Inspection with FLIR-zfRaq2d0kZframe7860.jpg,720,480,defect,423,145,438,155
Drone Solar Panel Inspection with FLIR-zfRaq2d0kZframe7860.jpg,720,480,defect,578,172,604,201
Drone Solar Panel Inspection with FLIR-zfRaq2d0kZframe7860.jpg,720,480,defect,504,343,529,367
Drone Solar Panel Inspection with FLIR-zfRaq2d0kZframe7860.jpg,720,480,defect,597,368,619,384
Drone Solar Panel Inspection with FLIR-zfRaq2d0kZframe7860.jpg,720,480,defect,575,411,587,424
Drone Solar Panel Inspection with FLIR-zfRaq2d0kZframe5520.jpg,720,480,defect,1,456,46,480
Drone Solar Panel Inspection with FLIR-zfRaq2d0kZframe5520.jpg,720,480,defect,417,201,441,230
Drone Solar Panel Inspection with FLIR-zfRaq2d0kZframe5520.jpg,720,480,defect,152,162,198,184
Drone Solar Panel Inspection with FLIR-zfRaq2d0kZframe1020.jpg,720,480,defect,494,344,532,371
Drone Solar Panel Inspection with FLIR-zfRaq2d0kZframe1020.jpg,720,480,defect,581,118,596,130
Drone Solar Panel Inspection with FLIR-zfRaq2d0kZframe10260.jpg,720,480,defect,124,209,137,226
Drone Solar Panel Inspection with FLIR-zfRaq2d0kZframe10260.jpg,720,480,defect,184,118,200,136
Drone Solar Panel Inspection with FLIR-zfRaq2d0kZframe10260.jpg,720,480,defect,524,85,548,115
Drone Solar Panel Inspection with FLIR-zfRaq2d0kZframe10260.jpg,720,480,defect,211,211,224,241
Drone Solar Panel Inspection with FLIR-zfRaq2d0kZframe540.jpg,720,480,defect,646,168,670,186
